"id","cidr","createdAt","createdBy","description","envTypeConfigId","envTypeId","error","indexId","instanceType","inWorkflow","loadBalancerId","name","projectId","provisionedProductId","rev","status","studyIds","studyRoles","updatedAt","updatedBy"
"8ebda0ae-4379-47bd-853d-30f192c80343","174.126.61.135/32","2024-07-09T14:47:45.720Z","u-_ZciGq7XDkxfm9haRibiv","Database","linux-medium","prod-eawoj7gbea2iy-pa-k3zz3xjloi4yo","""Error provisioning environment database. Reason: Errors from CloudFormation: [{LogicalResourceId : SC-985832498708-pp-u47qbxl3dve3w, ResourceType : AWS::CloudFormation::Stack, StatusReason : The following resource(s) failed to create: [EC2Instance]. Rollback requested by user.}, {LogicalResourceId : EC2Instance, ResourceType : AWS::EC2::Instance, StatusReason : Failed to receive 1 resource signal(s) within the specified duration}, {LogicalResourceId : EC2Instance, ResourceType : AWS::EC2::Instance, StatusReason : Resource creation Initiated}, {LogicalResourceId : InstanceProfile, ResourceType : AWS::IAM::InstanceProfile, StatusReason : Eventual consistency check initiated}, {LogicalResourceId : InstanceProfile, ResourceType : AWS::IAM::InstanceProfile, StatusReason : Resource creation Initiated}, {LogicalResourceId : IAMRole, ResourceType : AWS::IAM::Role, StatusReason : Resource creation Initiated}, {LogicalResourceId : SecurityGroup, ResourceType : AWS::EC2::SecurityGroup, StatusReason : Resource creation Initiated}, {LogicalResourceId : InstanceRolePermissionBoundary, ResourceType : AWS::IAM::ManagedPolicy, StatusReason : Resource creation Initiated}, {LogicalResourceId : SC-985832498708-pp-u47qbxl3dve3w, ResourceType : AWS::CloudFormation::Stack, StatusReason : User Initiated}]""","research","m5.2xlarge","true","","database","Research-Fellowship-C2","pp-u47qbxl3dve3w","1","FAILED","[{""S"":""rfc2-scott-waggener""}]","{}","2024-07-09T15:13:19.505Z","_system_"
"eb9beb0f-02ab-48ce-9f19-bb765b6c0d27","24.55.2.226/32","2024-07-16T16:28:40.612Z","u-74cq57xq1gBAHm-UxlT8M","test","linux-small","prod-eawoj7gbea2iy-pa-k3zz3xjloi4yo","""Error provisioning environment test. Reason: Errors from CloudFormation: [{LogicalResourceId : SC-985832498708-pp-bx24wy5ft2le2, ResourceType : AWS::CloudFormation::Stack, StatusReason : The following resource(s) failed to create: [EC2Instance]. Rollback requested by user.}, {LogicalResourceId : EC2Instance, ResourceType : AWS::EC2::Instance, StatusReason : Failed to receive 1 resource signal(s) within the specified duration}, {LogicalResourceId : EC2Instance, ResourceType : AWS::EC2::Instance, StatusReason : Resource creation Initiated}, {LogicalResourceId : InstanceProfile, ResourceType : AWS::IAM::InstanceProfile, StatusReason : Eventual consistency check initiated}, {LogicalResourceId : InstanceProfile, ResourceType : AWS::IAM::InstanceProfile, StatusReason : Resource creation Initiated}, {LogicalResourceId : IAMRole, ResourceType : AWS::IAM::Role, StatusReason : Resource creation Initiated}, {LogicalResourceId : SecurityGroup, ResourceType : AWS::EC2::SecurityGroup, StatusReason : Resource creation Initiated}, {LogicalResourceId : InstanceRolePermissionBoundary, ResourceType : AWS::IAM::ManagedPolicy, StatusReason : Resource creation Initiated}, {LogicalResourceId : SC-985832498708-pp-bx24wy5ft2le2, ResourceType : AWS::CloudFormation::Stack, StatusReason : User Initiated}]""","0","t3.medium","true","","test","aim-ahead-swb-prod","pp-bx24wy5ft2le2","1","FAILED","[]","","2024-07-16T16:54:01.194Z","u-74cq57xq1gBAHm-UxlT8M"
"bdf8547f-c53a-4f77-a07c-bbe48507208d","24.147.255.3/32","2024-01-05T00:15:44.402Z","u-74cq57xq1gBAHm-UxlT8M","test","windows-small","prod-wksgqqvm6wm5g-pa-r7whn5rgrssdq","""Error provisioning environment test. Reason: Errors from CloudFormation: [{LogicalResourceId : SC-985832498708-pp-gyqgfsmfnjbp6, ResourceType : AWS::CloudFormation::Stack, StatusReason : The following resource(s) failed to create: [EC2Instance]. Rollback requested by user.}, {LogicalResourceId : EC2Instance, ResourceType : AWS::EC2::Instance, StatusReason : The image id '[ami-08672c106d4baa527]' does not exist (Service: AmazonEC2; Status Code: 400; Error Code: InvalidAMIID.NotFound; Request ID: fae5b639-d8da-4f2c-a28b-b68364ec2558; Proxy: null)}, {LogicalResourceId : InstanceProfile, ResourceType : AWS::IAM::InstanceProfile, StatusReason : Resource creation Initiated}, {LogicalResourceId : IAMRole, ResourceType : AWS::IAM::Role, StatusReason : Resource creation Initiated}, {LogicalResourceId : SecurityGroup, ResourceType : AWS::EC2::SecurityGroup, StatusReason : Resource creation Initiated}, {LogicalResourceId : InstanceRolePermissionBoundary, ResourceType : AWS::IAM::ManagedPolicy, StatusReason : Resource creation Initiated}, {LogicalResourceId : SC-985832498708-pp-gyqgfsmfnjbp6, ResourceType : AWS::CloudFormation::Stack, StatusReason : User Initiated}]""","0","","true","","test","aim-ahead-swb-prod","pp-gyqgfsmfnjbp6","1","FAILED","[]","","2024-01-05T00:21:31.259Z","u-74cq57xq1gBAHm-UxlT8M"
"97e8799f-b93f-4f07-9224-112c2b128d4e","24.147.255.3/32","2024-01-03T20:15:16.448Z","u-8ou75sZyJTh0tT70zSl8_","test","linux-small","prod-eawoj7gbea2iy-pa-k3zz3xjloi4yo","""Error provisioning environment fesfe. Reason: Errors from CloudFormation: [{LogicalResourceId : SC-985832498708-pp-dxtf53x7eusxq, ResourceType : AWS::CloudFormation::Stack, StatusReason : The following resource(s) failed to create: [EC2Instance]. Rollback requested by user.}, {LogicalResourceId : EC2Instance, ResourceType : AWS::EC2::Instance, StatusReason : The image id '[ami-0fdcf32a6810dbeeb]' does not exist (Service: AmazonEC2; Status Code: 400; Error Code: InvalidAMIID.NotFound; Request ID: 14b3d1aa-b5f2-4157-89d9-b02a0c820735; Proxy: null)}, {LogicalResourceId : InstanceProfile, ResourceType : AWS::IAM::InstanceProfile, StatusReason : Resource creation Initiated}, {LogicalResourceId : IAMRole, ResourceType : AWS::IAM::Role, StatusReason : Resource creation Initiated}, {LogicalResourceId : SecurityGroup, ResourceType : AWS::EC2::SecurityGroup, StatusReason : Resource creation Initiated}, {LogicalResourceId : InstanceRolePermissionBoundary, ResourceType : AWS::IAM::ManagedPolicy, StatusReason : Resource creation Initiated}, {LogicalResourceId : SC-985832498708-pp-dxtf53x7eusxq, ResourceType : AWS::CloudFormation::Stack, StatusReason : User Initiated}]""","research","","true","","fesfe","Research-Fellowship-C2","pp-dxtf53x7eusxq","1","FAILED","[{""S"":""rfc2-scott-waggener""}]","{}","2024-01-03T20:21:00.150Z","_system_"
"df2d1fd5-65a4-46f7-adc7-ee7cadd37f1f","52.55.5.223/32","2024-03-07T23:25:00.862Z","u-g_PQIckPiNpcWM198wbB0","test","windows-medium","prod-wksgqqvm6wm5g-pa-bzz3ktzzlpmeg","""Error provisioning environment dftest-win2. Reason: Errors from CloudFormation: [{LogicalResourceId : SC-985832498708-pp-dhl63ets7mgjw, ResourceType : AWS::CloudFormation::Stack, StatusReason : The following resource(s) failed to create: [EC2Instance]. Rollback requested by user.}, {LogicalResourceId : EC2Instance, ResourceType : AWS::EC2::Instance, StatusReason : Failed to receive 1 resource signal(s) within the specified duration}, {LogicalResourceId : EC2Instance, ResourceType : AWS::EC2::Instance, StatusReason : Resource creation Initiated}, {LogicalResourceId : InstanceProfile, ResourceType : AWS::IAM::InstanceProfile, StatusReason : Resource creation Initiated}, {LogicalResourceId : IAMRole, ResourceType : AWS::IAM::Role, StatusReason : Resource creation Initiated}, {LogicalResourceId : SecurityGroup, ResourceType : AWS::EC2::SecurityGroup, StatusReason : Resource creation Initiated}, {LogicalResourceId : InstanceRolePermissionBoundary, ResourceType : AWS::IAM::ManagedPolicy, StatusReason : Resource creation Initiated}, {LogicalResourceId : SC-985832498708-pp-dhl63ets7mgjw, ResourceType : AWS::CloudFormation::Stack, StatusReason : User Initiated}]""","0","m5.2xlarge","true","","dftest-win2","aim-ahead-swb-prod","pp-dhl63ets7mgjw","1","FAILED","[{""S"":""testing-david-foster""}]","{}","2024-03-08T00:01:41.275Z","_system_"
"b10d33b4-bdca-4277-b439-568d29851ed7","144.118.0.0/16","2025-01-29T19:11:58.791Z","u-Zx_hKGIZiAKdLne_UsNRQ","CONVENE sagemaker","Sagemaker-Medium","prod-o5niatppdiag6-pa-npc2jrch7qrky","""Error provisioning environment CONVENE-SM. Reason: Errors from CloudFormation: [{LogicalResourceId : IAMRole, ResourceType : AWS::IAM::Role, StatusReason : The role with name analysis-1738178047256-sagemaker-notebook-role cannot be found. (Service: Iam, Status Code: 404, Request ID: a225f226-96b3-4deb-8aba-7ae1db414e26)}, {LogicalResourceId : SC-985832498708-pp-mp6b4gtw5p2q6, ResourceType : AWS::CloudFormation::Stack, StatusReason : The following resource(s) failed to create: [IAMRole]. Rollback requested by user.}, {LogicalResourceId : IAMRole, ResourceType : AWS::IAM::Role, StatusReason : Resource handler returned message: """"Cannot exceed quota for RolesPerAccount: 1000 (Service: Iam, Status Code: 409, Request ID: cd7299e1-0a39-4755-8372-63b75dcb747e)"""" (RequestToken: 2747bd45-d130-0f04-4b72-9ce4dbbefa70, HandlerErrorCode: ServiceLimitExceeded)}, {LogicalResourceId : IAMRole, ResourceType : AWS::IAM::Role, StatusReason : Resource creation Initiated}, {LogicalResourceId : SecurityGroup, ResourceType : AWS::EC2::SecurityGroup, StatusReason : Resource creation Initiated}, {LogicalResourceId : BasicNotebookInstanceLifecycleConfig, ResourceType : AWS::SageMaker::NotebookInstanceLifecycleConfig, StatusReason : Resource creation Initiated}, {LogicalResourceId : InstanceRolePermissionBoundary, ResourceType : AWS::IAM::ManagedPolicy, StatusReason : Resource creation Initiated}, {LogicalResourceId : SC-985832498708-pp-mp6b4gtw5p2q6, ResourceType : AWS::CloudFormation::Stack, StatusReason : User Initiated}]""","research","ml.m5.4xlarge","true","","CONVENE-SM","Research-Fellowship","pp-mp6b4gtw5p2q6","1","FAILED","[{""S"":""CDP-cartwright-sagemaker-only""}]","{}","2025-01-29T19:14:44.593Z","_system_"
"85b3ef25-555b-46a6-93a5-0a05233bac06","24.147.255.3/32","2024-08-22T22:01:26.108Z","u-74cq57xq1gBAHm-UxlT8M","test","linux-small","prod-eawoj7gbea2iy-pa-fn2v4j4v6tizi","""Error provisioning environment keri-test. Reason: Errors from CloudFormation: [{LogicalResourceId : SC-985832498708-pp-pqzsel42y2lpm, ResourceType : AWS::CloudFormation::Stack, StatusReason : The following resource(s) failed to create: [EC2Instance]. Rollback requested by user.}, {LogicalResourceId : EC2Instance, ResourceType : AWS::EC2::Instance, StatusReason : Received FAILURE signal with UniqueId i-03ce604005b2c02e4}, {LogicalResourceId : EC2Instance, ResourceType : AWS::EC2::Instance, StatusReason : Resource creation Initiated}, {LogicalResourceId : InstanceProfile, ResourceType : AWS::IAM::InstanceProfile, StatusReason : Eventual consistency check initiated}, {LogicalResourceId : InstanceProfile, ResourceType : AWS::IAM::InstanceProfile, StatusReason : Resource creation Initiated}, {LogicalResourceId : IAMRole, ResourceType : AWS::IAM::Role, StatusReason : Resource creation Initiated}, {LogicalResourceId : SecurityGroup, ResourceType : AWS::EC2::SecurityGroup, StatusReason : Resource creation Initiated}, {LogicalResourceId : InstanceRolePermissionBoundary, ResourceType : AWS::IAM::ManagedPolicy, StatusReason : Resource creation Initiated}, {LogicalResourceId : SC-985832498708-pp-pqzsel42y2lpm, ResourceType : AWS::CloudFormation::Stack, StatusReason : User Initiated}]""","0","t3.medium","true","","keri-test","aim-ahead-swb-prod","pp-pqzsel42y2lpm","1","FAILED","[{""S"":""CDP-cartwright-sagemaker-only""},{""S"":""CDP-cartwright-gsw""}]","{}","2024-08-22T22:18:27.555Z","_system_"
"e113b09b-34ea-4bdc-90ce-99691c1ba2c2","24.55.2.226/32","2024-07-16T16:39:33.986Z","u-74cq57xq1gBAHm-UxlT8M","tst","linux-medium","prod-eawoj7gbea2iy-pa-k3zz3xjloi4yo","""Error provisioning environment test. Reason: Errors from CloudFormation: [{LogicalResourceId : SC-985832498708-pp-g7wjjvcpohfsg, ResourceType : AWS::CloudFormation::Stack, StatusReason : The following resource(s) failed to create: [EC2Instance]. Rollback requested by user.}, {LogicalResourceId : EC2Instance, ResourceType : AWS::EC2::Instance, StatusReason : Failed to receive 1 resource signal(s) within the specified duration}, {LogicalResourceId : EC2Instance, ResourceType : AWS::EC2::Instance, StatusReason : Resource creation Initiated}, {LogicalResourceId : InstanceProfile, ResourceType : AWS::IAM::InstanceProfile, StatusReason : Eventual consistency check initiated}, {LogicalResourceId : InstanceProfile, ResourceType : AWS::IAM::InstanceProfile, StatusReason : Resource creation Initiated}, {LogicalResourceId : IAMRole, ResourceType : AWS::IAM::Role, StatusReason : Resource creation Initiated}, {LogicalResourceId : SecurityGroup, ResourceType : AWS::EC2::SecurityGroup, StatusReason : Resource creation Initiated}, {LogicalResourceId : InstanceRolePermissionBoundary, ResourceType : AWS::IAM::ManagedPolicy, StatusReason : Resource creation Initiated}, {LogicalResourceId : SC-985832498708-pp-g7wjjvcpohfsg, ResourceType : AWS::CloudFormation::Stack, StatusReason : User Initiated}]""","0","m5.2xlarge","true","","test","aim-ahead-swb-prod","pp-g7wjjvcpohfsg","1","FAILED","[]","","2024-07-16T17:04:45.888Z","u-74cq57xq1gBAHm-UxlT8M"
"2981d4f4-77e3-4bce-9713-5e3a0eeac649","24.147.255.3/32","2024-11-04T13:11:47.998Z","u-74cq57xq1gBAHm-UxlT8M","test","filienko","prod-o5niatppdiag6-pa-npc2jrch7qrky","""Error provisioning environment test. Reason: Errors from CloudFormation: [{LogicalResourceId : SC-985832498708-pp-56qredinrxksc, ResourceType : AWS::CloudFormation::Stack, StatusReason : The following resource(s) failed to create: [BasicNotebookInstance]. Rollback requested by user.}, {LogicalResourceId : BasicNotebookInstance, ResourceType : AWS::SageMaker::NotebookInstance, StatusReason : The account-level service limit 'ml.p4de.24xlarge for notebook instance usage' is 0 Instances, with current utilization of 0 Instances and a request delta of 1 Instances. Please use AWS Service Quotas to request an increase for this quota. If AWS Service Quotas is not available, contact AWS support to request an increase for this quota. (Service: AmazonSageMaker; Status Code: 400; Error Code: ResourceLimitExceeded; Request ID: 001308d6-5521-48ee-b8ad-b2eb10355f9a; Proxy: null)}, {LogicalResourceId : IAMRole, ResourceType : AWS::IAM::Role, StatusReason : Resource creation Initiated}, {LogicalResourceId : SecurityGroup, ResourceType : AWS::EC2::SecurityGroup, StatusReason : Resource creation Initiated}, {LogicalResourceId : BasicNotebookInstanceLifecycleConfig, ResourceType : AWS::SageMaker::NotebookInstanceLifecycleConfig, StatusReason : Resource creation Initiated}, {LogicalResourceId : InstanceRolePermissionBoundary, ResourceType : AWS::IAM::ManagedPolicy, StatusReason : Resource creation Initiated}, {LogicalResourceId : SC-985832498708-pp-56qredinrxksc, ResourceType : AWS::CloudFormation::Stack, StatusReason : User Initiated}]""","0","ml.p4de.24xlarge","true","","test","aim-ahead-swb-prod","pp-56qredinrxksc","1","FAILED","[]","","2024-11-04T13:15:02.438Z","u-74cq57xq1gBAHm-UxlT8M"
"983a5620-87a0-4631-88b9-4ccb7a15a8b5","134.174.140.195/32","2023-11-03T14:54:55.966Z","u-HQe4ez1SWd9mV0Nwkz7M4","BMI705 week 2","sagemaker-large","prod-o5niatppdiag6-pa-qtwxh5jtweqvo","""Error provisioning environment BMI705week3workspace. Reason: Errors from CloudFormation: [{LogicalResourceId : SC-985832498708-pp-okl5mkmmciiom, ResourceType : AWS::CloudFormation::Stack, StatusReason : The following resource(s) failed to create: [BasicNotebookInstance]. Rollback requested by user.}, {LogicalResourceId : BasicNotebookInstance, ResourceType : AWS::SageMaker::NotebookInstance, StatusReason : The account-level service limit 'ml.g5.4xlarge for notebook instance usage' is 5 Instances, with current utilization of 5 Instances and a request delta of 1 Instances. Please use AWS Service Quotas to request an increase for this quota. If AWS Service Quotas is not available, contact AWS support to request an increase for this quota. (Service: AmazonSageMaker; Status Code: 400; Error Code: ResourceLimitExceeded; Request ID: c19c949f-b8a9-48d8-bc7c-f916536293f2; Proxy: null)}, {LogicalResourceId : IAMRole, ResourceType : AWS::IAM::Role, StatusReason : Resource creation Initiated}, {LogicalResourceId : SecurityGroup, ResourceType : AWS::EC2::SecurityGroup, StatusReason : Resource creation Initiated}, {LogicalResourceId : BasicNotebookInstanceLifecycleConfig, ResourceType : AWS::SageMaker::NotebookInstanceLifecycleConfig, StatusReason : Resource creation Initiated}, {LogicalResourceId : InstanceRolePermissionBoundary, ResourceType : AWS::IAM::ManagedPolicy, StatusReason : Resource creation Initiated}, {LogicalResourceId : SC-985832498708-pp-okl5mkmmciiom, ResourceType : AWS::CloudFormation::Stack, StatusReason : User Initiated}]""","teaching","","true","","BMI705week3workspace","DBMI-teaching","pp-okl5mkmmciiom","1","FAILED","[{""S"":""yuchen-cheng""},{""S"":""DBMI-teaching-READONLY-705""}]","{}","2023-11-03T14:58:23.621Z","_system_"
"a9faa7c5-d29f-4a86-9c75-257fb4140019","99.74.182.76/32","2024-08-14T18:52:34.903Z","u-g_PQIckPiNpcWM198wbB0","test","test","prod-wksgqqvm6wm5g-pa-bzz3ktzzlpmeg","""Error provisioning environment dftest-win22-2024-08-14. Reason: Errors from CloudFormation: [{LogicalResourceId : SC-985832498708-pp-rdhkxwfm2rdjq, ResourceType : AWS::CloudFormation::Stack, StatusReason : The following resource(s) failed to create: [EC2Instance]. Rollback requested by user.}, {LogicalResourceId : EC2Instance, ResourceType : AWS::EC2::Instance, StatusReason : Resource handler returned message: """"The image id '[ami-0d5b91bcad35932e4]' does not exist (Service: Ec2, Status Code: 400, Request ID: 00c02799-567d-4826-a949-edcc340c2a94)"""" (RequestToken: 9148839e-290b-a215-007d-60213615cf9a, HandlerErrorCode: InvalidRequest)}, {LogicalResourceId : InstanceProfile, ResourceType : AWS::IAM::InstanceProfile, StatusReason : Eventual consistency check initiated}, {LogicalResourceId : InstanceProfile, ResourceType : AWS::IAM::InstanceProfile, StatusReason : Resource creation Initiated}, {LogicalResourceId : IAMRole, ResourceType : AWS::IAM::Role, StatusReason : Resource creation Initiated}, {LogicalResourceId : SecurityGroup, ResourceType : AWS::EC2::SecurityGroup, StatusReason : Resource creation Initiated}, {LogicalResourceId : InstanceRolePermissionBoundary, ResourceType : AWS::IAM::ManagedPolicy, StatusReason : Resource creation Initiated}, {LogicalResourceId : SC-985832498708-pp-rdhkxwfm2rdjq, ResourceType : AWS::CloudFormation::Stack, StatusReason : User Initiated}]""","0","t3.medium","true","","dftest-win22-2024-08-14","aim-ahead-swb-prod","pp-rdhkxwfm2rdjq","1","FAILED","[{""S"":""testing-david-foster""}]","{}","2024-08-14T19:00:39.922Z","_system_"
"802d2022-3e0a-44c0-9283-ab6d2b71a36a","150.182.234.222/32","2024-06-28T14:20:59.469Z","u-2NyUhdVKgoBbt6HBPdz0s","new","Sagemaker-Large","prod-o5niatppdiag6-pa-npc2jrch7qrky","""Error provisioning environment DebNewP. Reason: Errors from CloudFormation: [{LogicalResourceId : SC-985832498708-pp-uo4waey6cic7s, ResourceType : AWS::CloudFormation::Stack, StatusReason : The following resource(s) failed to create: [BasicNotebookInstance]. Rollback requested by user.}, {LogicalResourceId : BasicNotebookInstance, ResourceType : AWS::SageMaker::NotebookInstance, StatusReason : This Notebook Instance type 'ml.g5.4xlarge' is temporarily unavailable in the specified availability zone.  We apologize for the inconvenience.  Please try again in a few minutes, or try a different instance type.}, {LogicalResourceId : BasicNotebookInstance, ResourceType : AWS::SageMaker::NotebookInstance, StatusReason : Resource creation Initiated}, {LogicalResourceId : IAMRole, ResourceType : AWS::IAM::Role, StatusReason : Resource creation Initiated}, {LogicalResourceId : SecurityGroup, ResourceType : AWS::EC2::SecurityGroup, StatusReason : Resource creation Initiated}, {LogicalResourceId : InstanceRolePermissionBoundary, ResourceType : AWS::IAM::ManagedPolicy, StatusReason : Resource creation Initiated}, {LogicalResourceId : BasicNotebookInstanceLifecycleConfig, ResourceType : AWS::SageMaker::NotebookInstanceLifecycleConfig, StatusReason : Resource creation Initiated}, {LogicalResourceId : SC-985832498708-pp-uo4waey6cic7s, ResourceType : AWS::CloudFormation::Stack, StatusReason : User Initiated}]""","research","ml.g5.4xlarge","true","","DebNewP","Research-Fellowship-C2","pp-uo4waey6cic7s","1","FAILED","[{""S"":""rfc2-deborah-mudali""}]","{}","2024-06-28T14:28:32.413Z","_system_"
"c44b1f2b-0bdf-4931-9f56-b94b672423ae","73.234.89.170/32","2024-08-13T17:02:14.878Z","u-qEl-hfPpgSN8awbdtz7JU","An environment to download files from OCHIN's sFTP site and upload it to RDS.","windows-small","prod-wksgqqvm6wm5g-pa-bzz3ktzzlpmeg","""Error provisioning environment OCHIN-sFTP4. Reason: Errors from CloudFormation: [{LogicalResourceId : SC-985832498708-pp-2ryta5hyskxm6, ResourceType : AWS::CloudFormation::Stack, StatusReason : The following resource(s) failed to create: [EC2Instance]. Rollback requested by user.}, {LogicalResourceId : EC2Instance, ResourceType : AWS::EC2::Instance, StatusReason : Failed to receive 1 resource signal(s) within the specified duration}, {LogicalResourceId : EC2Instance, ResourceType : AWS::EC2::Instance, StatusReason : Resource creation Initiated}, {LogicalResourceId : InstanceProfile, ResourceType : AWS::IAM::InstanceProfile, StatusReason : Eventual consistency check initiated}, {LogicalResourceId : InstanceProfile, ResourceType : AWS::IAM::InstanceProfile, StatusReason : Resource creation Initiated}, {LogicalResourceId : IAMRole, ResourceType : AWS::IAM::Role, StatusReason : Resource creation Initiated}, {LogicalResourceId : SecurityGroup, ResourceType : AWS::EC2::SecurityGroup, StatusReason : Resource creation Initiated}, {LogicalResourceId : InstanceRolePermissionBoundary, ResourceType : AWS::IAM::ManagedPolicy, StatusReason : Resource creation Initiated}, {LogicalResourceId : SC-985832498708-pp-2ryta5hyskxm6, ResourceType : AWS::CloudFormation::Stack, StatusReason : User Initiated}]""","research","t3.medium","true","","OCHIN-sFTP4","Admin","pp-2ryta5hyskxm6","1","FAILED","[]","","2024-08-13T17:37:00.387Z","u-qEl-hfPpgSN8awbdtz7JU"
"3e38af45-845b-4f14-8f64-ee4ec16f461a","24.147.255.3/32","2024-06-27T18:26:29.303Z","u-74cq57xq1gBAHm-UxlT8M","test","Sagemaker-Small","prod-o5niatppdiag6-pa-npc2jrch7qrky","""Error provisioning environment test. Reason: Errors from CloudFormation: [{LogicalResourceId : SC-985832498708-pp-d3yrtylfznqtk, ResourceType : AWS::CloudFormation::Stack, StatusReason : The following resource(s) failed to create: [BasicNotebookInstance]. Rollback requested by user.}, {LogicalResourceId : BasicNotebookInstance, ResourceType : AWS::SageMaker::NotebookInstance, StatusReason : Notebook Instance Lifecycle Config 'arn:aws:sagemaker:us-east-1:985832498708:notebook-instance-lifecycle-config/basicnotebookinstancelifecycleconfig-jyezti9yeqt5' for Notebook Instance 'arn:aws:sagemaker:us-east-1:985832498708:notebook-instance/basicnotebookinstance-b0l2wpoplqmi' took longer than 5 minutes. Please check your CloudWatch logs for more details if your Notebook Instance has Internet access.}, {LogicalResourceId : BasicNotebookInstance, ResourceType : AWS::SageMaker::NotebookInstance, StatusReason : Resource creation Initiated}, {LogicalResourceId : IAMRole, ResourceType : AWS::IAM::Role, StatusReason : Resource creation Initiated}, {LogicalResourceId : SecurityGroup, ResourceType : AWS::EC2::SecurityGroup, StatusReason : Resource creation Initiated}, {LogicalResourceId : BasicNotebookInstanceLifecycleConfig, ResourceType : AWS::SageMaker::NotebookInstanceLifecycleConfig, StatusReason : Resource creation Initiated}, {LogicalResourceId : InstanceRolePermissionBoundary, ResourceType : AWS::IAM::ManagedPolicy, StatusReason : Resource creation Initiated}, {LogicalResourceId : SC-985832498708-pp-d3yrtylfznqtk, ResourceType : AWS::CloudFormation::Stack, StatusReason : User Initiated}]""","0","ml.t3.medium","true","","test","aim-ahead-swb-prod","pp-d3yrtylfznqtk","1","FAILED","[{""S"":""simran-NOWINDOWS""}]","{}","2024-06-27T18:46:49.091Z","_system_"
"10c6d755-bf29-4e0b-95bc-e8777444d342","150.182.234.222/32","2024-06-27T14:52:19.548Z","u-2NyUhdVKgoBbt6HBPdz0s","research","Sagemaker-Custom-Kernels-Large","prod-o5niatppdiag6-pa-npc2jrch7qrky","""Error provisioning environment deb1. Reason: Errors from CloudFormation: [{LogicalResourceId : SC-985832498708-pp-q5xwdgsjlsjfq, ResourceType : AWS::CloudFormation::Stack, StatusReason : The following resource(s) failed to delete: [SecurityGroup]. }, {LogicalResourceId : SecurityGroup, ResourceType : AWS::EC2::SecurityGroup, StatusReason : resource sg-08bef11f50833fe9b has a dependent object (Service: Ec2, Status Code: 400, Request ID: 8ddd6c0b-6b90-45a4-b8b2-a0212d48e49a)}, {LogicalResourceId : SC-985832498708-pp-q5xwdgsjlsjfq, ResourceType : AWS::CloudFormation::Stack, StatusReason : The following resource(s) failed to create: [BasicNotebookInstance]. Rollback requested by user.}, {LogicalResourceId : BasicNotebookInstance, ResourceType : AWS::SageMaker::NotebookInstance, StatusReason : Notebook Instance Lifecycle Config 'arn:aws:sagemaker:us-east-1:985832498708:notebook-instance-lifecycle-config/basicnotebookinstancelifecycleconfig-0ue2q9nmyfd0' for Notebook Instance 'arn:aws:sagemaker:us-east-1:985832498708:notebook-instance/basicnotebookinstance-xlajabvl0oob' took longer than 5 minutes. Please check your CloudWatch logs for more details if your Notebook Instance has Internet access.}, {LogicalResourceId : BasicNotebookInstance, ResourceType : AWS::SageMaker::NotebookInstance, StatusReason : Resource creation Initiated}, {LogicalResourceId : IAMRole, ResourceType : AWS::IAM::Role, StatusReason : Resource creation Initiated}, {LogicalResourceId : SecurityGroup, ResourceType : AWS::EC2::SecurityGroup, StatusReason : Resource creation Initiated}, {LogicalResourceId : BasicNotebookInstanceLifecycleConfig, ResourceType : AWS::SageMaker::NotebookInstanceLifecycleConfig, StatusReason : Resource creation Initiated}, {LogicalResourceId : InstanceRolePermissionBoundary, ResourceType : AWS::IAM::ManagedPolicy, StatusReason : Resource creation Initiated}, {LogicalResourceId : SC-985832498708-pp-q5xwdgsjlsjfq, ResourceType : AWS::CloudFormation::Stack, StatusReason : User Initiated}]""","research","ml.g4dn.4xlarge","true","","deb1","Research-Fellowship-C2","pp-q5xwdgsjlsjfq","1","FAILED","[{""S"":""rfc2-deborah-mudali""}]","{}","2024-06-27T15:33:50.543Z","_system_"
"a4429c42-ee54-4844-bdcd-a0d29b4a2cd8","24.55.2.226/32","2024-07-10T15:22:30.788Z","u-74cq57xq1gBAHm-UxlT8M","test","Sagemaker-Large","prod-o5niatppdiag6-pa-npc2jrch7qrky","""Error provisioning environment test. Reason: Errors from CloudFormation: [{LogicalResourceId : SC-985832498708-pp-chxb3ryxmph6i, ResourceType : AWS::CloudFormation::Stack, StatusReason : The following resource(s) failed to create: [BasicNotebookInstance]. Rollback requested by user.}, {LogicalResourceId : BasicNotebookInstance, ResourceType : AWS::SageMaker::NotebookInstance, StatusReason : This Notebook Instance type 'ml.g5.4xlarge' is temporarily unavailable in the specified availability zone.  We apologize for the inconvenience.  Please try again in a few minutes, or try a different instance type.}, {LogicalResourceId : BasicNotebookInstance, ResourceType : AWS::SageMaker::NotebookInstance, StatusReason : Resource creation Initiated}, {LogicalResourceId : IAMRole, ResourceType : AWS::IAM::Role, StatusReason : Resource creation Initiated}, {LogicalResourceId : SecurityGroup, ResourceType : AWS::EC2::SecurityGroup, StatusReason : Resource creation Initiated}, {LogicalResourceId : BasicNotebookInstanceLifecycleConfig, ResourceType : AWS::SageMaker::NotebookInstanceLifecycleConfig, StatusReason : Resource creation Initiated}, {LogicalResourceId : InstanceRolePermissionBoundary, ResourceType : AWS::IAM::ManagedPolicy, StatusReason : Resource creation Initiated}, {LogicalResourceId : SC-985832498708-pp-chxb3ryxmph6i, ResourceType : AWS::CloudFormation::Stack, StatusReason : User Initiated}]""","0","ml.g5.4xlarge","true","","test","aim-ahead-swb-prod","pp-chxb3ryxmph6i","1","FAILED","[]","","2024-07-10T15:29:32.281Z","u-74cq57xq1gBAHm-UxlT8M"
"77634c28-b5a4-4d2b-a75d-ed50d357fb9f","52.55.5.223/32","2024-03-08T16:39:23.902Z","u-74cq57xq1gBAHm-UxlT8M","test","windows-small","prod-wksgqqvm6wm5g-pa-bzz3ktzzlpmeg","""Error provisioning environment test. Reason: Errors from CloudFormation: [{LogicalResourceId : SC-985832498708-pp-quwykjue6tc3g, ResourceType : AWS::CloudFormation::Stack, StatusReason : The following resource(s) failed to create: [EC2Instance]. Rollback requested by user.}, {LogicalResourceId : EC2Instance, ResourceType : AWS::EC2::Instance, StatusReason : Failed to receive 1 resource signal(s) within the specified duration}, {LogicalResourceId : EC2Instance, ResourceType : AWS::EC2::Instance, StatusReason : Resource creation Initiated}, {LogicalResourceId : InstanceProfile, ResourceType : AWS::IAM::InstanceProfile, StatusReason : Resource creation Initiated}, {LogicalResourceId : IAMRole, ResourceType : AWS::IAM::Role, StatusReason : Resource creation Initiated}, {LogicalResourceId : SecurityGroup, ResourceType : AWS::EC2::SecurityGroup, StatusReason : Resource creation Initiated}, {LogicalResourceId : InstanceRolePermissionBoundary, ResourceType : AWS::IAM::ManagedPolicy, StatusReason : Resource creation Initiated}, {LogicalResourceId : SC-985832498708-pp-quwykjue6tc3g, ResourceType : AWS::CloudFormation::Stack, StatusReason : User Initiated}]""","0","t3.medium","true","","test","aim-ahead-swb-prod","pp-quwykjue6tc3g","1","FAILED","[{""S"":""simran-NOWINDOWS""}]","{}","2024-03-08T17:16:06.886Z","_system_"
"d72b968a-e029-4ec0-800e-f1e60ac93868","24.147.255.3/32","2025-01-07T19:21:48.040Z","u-74cq57xq1gBAHm-UxlT8M","Rstudio-test","rstudio-small","prod-7rixzx2sygszm-pa-35hi6h7mizws4","""Error provisioning environment Rstudio-test. Reason: Errors from CloudFormation: [{LogicalResourceId : SC-985832498708-pp-erygff4fxo3k6, ResourceType : AWS::CloudFormation::Stack, StatusReason : The following resource(s) failed to create: [EC2Instance]. Rollback requested by user.}, {LogicalResourceId : EC2Instance, ResourceType : AWS::EC2::Instance, StatusReason : Resource handler returned message: """"The image id '[ami-0db9e8f427ce95c8c]' does not exist (Service: Ec2, Status Code: 400, Request ID: 4df799da-68ab-4803-9cd9-e031a7ca2357)"""" (RequestToken: 4454a03f-1c0c-ed70-b630-1d2da514053a, HandlerErrorCode: InvalidRequest)}, {LogicalResourceId : InstanceProfile, ResourceType : AWS::IAM::InstanceProfile, StatusReason : Eventual consistency check initiated}, {LogicalResourceId : InstanceProfile, ResourceType : AWS::IAM::InstanceProfile, StatusReason : Resource creation Initiated}, {LogicalResourceId : IAMRole, ResourceType : AWS::IAM::Role, StatusReason : Resource creation Initiated}, {LogicalResourceId : SecurityGroup, ResourceType : AWS::EC2::SecurityGroup, StatusReason : Resource creation Initiated}, {LogicalResourceId : InstanceRolePermissionBoundary, ResourceType : AWS::IAM::ManagedPolicy, StatusReason : Resource creation Initiated}, {LogicalResourceId : SC-985832498708-pp-erygff4fxo3k6, ResourceType : AWS::CloudFormation::Stack, StatusReason : User Initiated}]""","research","t3.medium","true","9617c535-0940-47cf-9742-fb735b37189c","Rstudio-test","PAIR2","pp-erygff4fxo3k6","2","FAILED","[{""S"":""simran-NOWINDOWS""},{""S"":""simran-test""}]","{}","2025-01-07T19:29:50.081Z","_system_"
"155a50a6-535b-403c-b0d9-8d761a489d50","208.252.10.66/32","2025-01-22T00:07:59.875Z","u-vk1lGfLktviHhET07ubOq","""will be used for aim 3 analysis ""","Sagemaker-Large","prod-o5niatppdiag6-pa-npc2jrch7qrky","""Error provisioning environment Aim3-ML-Comparison. Reason: Errors from CloudFormation: [{LogicalResourceId : SC-985832498708-pp-2sxcganl5dqrm, ResourceType : AWS::CloudFormation::Stack, StatusReason : The following resource(s) failed to create: [BasicNotebookInstance]. Rollback requested by user.}, {LogicalResourceId : BasicNotebookInstance, ResourceType : AWS::SageMaker::NotebookInstance, StatusReason : InternalFailure.}, {LogicalResourceId : BasicNotebookInstance, ResourceType : AWS::SageMaker::NotebookInstance, StatusReason : Resource creation Initiated}, {LogicalResourceId : IAMRole, ResourceType : AWS::IAM::Role, StatusReason : Resource creation Initiated}, {LogicalResourceId : SecurityGroup, ResourceType : AWS::EC2::SecurityGroup, StatusReason : Resource creation Initiated}, {LogicalResourceId : BasicNotebookInstanceLifecycleConfig, ResourceType : AWS::SageMaker::NotebookInstanceLifecycleConfig, StatusReason : Resource creation Initiated}, {LogicalResourceId : InstanceRolePermissionBoundary, ResourceType : AWS::IAM::ManagedPolicy, StatusReason : Resource creation Initiated}, {LogicalResourceId : SC-985832498708-pp-2sxcganl5dqrm, ResourceType : AWS::CloudFormation::Stack, StatusReason : User Initiated}]""","research","ml.g5.4xlarge","true","","Aim3-ML-Comparison","Consortium-Development-Project","pp-2sxcganl5dqrm","1","FAILED","[{""S"":""cardiometabolic-disparities-shared_PHS""}]","{}","2025-01-22T00:11:56.785Z","_system_"
"d060854f-82bb-4901-a60b-abe4e23b03f2","144.118.0.0/16","2025-01-29T18:31:00.029Z","u-Zx_hKGIZiAKdLne_UsNRQ","For CONVENE project","Sagemaker-Large","prod-o5niatppdiag6-pa-npc2jrch7qrky","""Error provisioning environment CONVENE-Sagemaker-Lucas. Reason: Errors from CloudFormation: [{LogicalResourceId : IAMRole, ResourceType : AWS::IAM::Role, StatusReason : The role with name analysis-1738175588801-sagemaker-notebook-role cannot be found. (Service: Iam, Status Code: 404, Request ID: 14407056-ad2a-4166-bc38-202921a401a3)}, {LogicalResourceId : SC-985832498708-pp-ggdty2z7puru4, ResourceType : AWS::CloudFormation::Stack, StatusReason : The following resource(s) failed to create: [IAMRole]. Rollback requested by user.}, {LogicalResourceId : IAMRole, ResourceType : AWS::IAM::Role, StatusReason : Resource handler returned message: """"Cannot exceed quota for RolesPerAccount: 1000 (Service: Iam, Status Code: 409, Request ID: 802416a3-e87a-4bd1-8a16-1f51a2c41756)"""" (RequestToken: d64863be-e5a2-8c78-4145-b621182701c0, HandlerErrorCode: ServiceLimitExceeded)}, {LogicalResourceId : IAMRole, ResourceType : AWS::IAM::Role, StatusReason : Resource creation Initiated}, {LogicalResourceId : SecurityGroup, ResourceType : AWS::EC2::SecurityGroup, StatusReason : Resource creation Initiated}, {LogicalResourceId : BasicNotebookInstanceLifecycleConfig, ResourceType : AWS::SageMaker::NotebookInstanceLifecycleConfig, StatusReason : Resource creation Initiated}, {LogicalResourceId : InstanceRolePermissionBoundary, ResourceType : AWS::IAM::ManagedPolicy, StatusReason : Resource creation Initiated}, {LogicalResourceId : SC-985832498708-pp-ggdty2z7puru4, ResourceType : AWS::CloudFormation::Stack, StatusReason : User Initiated}]""","research","ml.g5.4xlarge","true","","CONVENE-Sagemaker-Lucas","Research-Fellowship","pp-ggdty2z7puru4","1","FAILED","[{""S"":""CDP-cartwright-sagemaker-only""}]","{}","2025-01-29T18:33:46.068Z","_system_"
"26f0b7ed-5ff9-42ab-8f2a-c6d331c519b4","68.42.72.189/32","2024-07-10T15:11:12.759Z","u--5Y9bWj5zqnIi_ViDt48G","Fellowship project - Data analysis","Sagemaker-Large","prod-o5niatppdiag6-pa-npc2jrch7qrky","""Error provisioning environment COHO2-Proj. Reason: Errors from CloudFormation: [{LogicalResourceId : SC-985832498708-pp-ii7srwufeac34, ResourceType : AWS::CloudFormation::Stack, StatusReason : The following resource(s) failed to create: [BasicNotebookInstance]. Rollback requested by user.}, {LogicalResourceId : BasicNotebookInstance, ResourceType : AWS::SageMaker::NotebookInstance, StatusReason : This Notebook Instance type 'ml.g5.4xlarge' is temporarily unavailable in the specified availability zone.  We apologize for the inconvenience.  Please try again in a few minutes, or try a different instance type.}, {LogicalResourceId : BasicNotebookInstance, ResourceType : AWS::SageMaker::NotebookInstance, StatusReason : Resource creation Initiated}, {LogicalResourceId : IAMRole, ResourceType : AWS::IAM::Role, StatusReason : Resource creation Initiated}, {LogicalResourceId : SecurityGroup, ResourceType : AWS::EC2::SecurityGroup, StatusReason : Resource creation Initiated}, {LogicalResourceId : BasicNotebookInstanceLifecycleConfig, ResourceType : AWS::SageMaker::NotebookInstanceLifecycleConfig, StatusReason : Resource creation Initiated}, {LogicalResourceId : InstanceRolePermissionBoundary, ResourceType : AWS::IAM::ManagedPolicy, StatusReason : Resource creation Initiated}, {LogicalResourceId : SC-985832498708-pp-ii7srwufeac34, ResourceType : AWS::CloudFormation::Stack, StatusReason : User Initiated}]""","research","ml.g5.4xlarge","true","","COHO2-Proj","Research-Fellowship-C2","pp-ii7srwufeac34","1","FAILED","[]","","2024-07-10T15:18:11.382Z","u--5Y9bWj5zqnIi_ViDt48G"
"dcd1b8a3-2089-4254-95b1-c156bb17b9f3","208.252.10.66/32","2025-01-03T16:09:02.344Z","u-vk1lGfLktviHhET07ubOq","cohort selection","rstudio-large","prod-7rixzx2sygszm-pa-35hi6h7mizws4","""Error provisioning environment CURE-CKD-LDA-cohortselection. Reason: Errors from CloudFormation: [{LogicalResourceId : SC-985832498708-pp-ayueclcsqrgku, ResourceType : AWS::CloudFormation::Stack, StatusReason : The following resource(s) failed to create: [EC2Instance]. Rollback requested by user.}, {LogicalResourceId : EC2Instance, ResourceType : AWS::EC2::Instance, StatusReason : Resource handler returned message: """"The image id '[ami-0db9e8f427ce95c8c]' does not exist (Service: Ec2, Status Code: 400, Request ID: 8e3422ab-ec3d-4ef6-b571-d1b0081f75aa)"""" (RequestToken: 854e8874-fc8f-d3f2-c87e-4b9814aa98e2, HandlerErrorCode: InvalidRequest)}, {LogicalResourceId : InstanceProfile, ResourceType : AWS::IAM::InstanceProfile, StatusReason : Eventual consistency check initiated}, {LogicalResourceId : InstanceProfile, ResourceType : AWS::IAM::InstanceProfile, StatusReason : Resource creation Initiated}, {LogicalResourceId : IAMRole, ResourceType : AWS::IAM::Role, StatusReason : Resource creation Initiated}, {LogicalResourceId : SecurityGroup, ResourceType : AWS::EC2::SecurityGroup, StatusReason : Resource creation Initiated}, {LogicalResourceId : InstanceRolePermissionBoundary, ResourceType : AWS::IAM::ManagedPolicy, StatusReason : Resource creation Initiated}, {LogicalResourceId : SC-985832498708-pp-ayueclcsqrgku, ResourceType : AWS::CloudFormation::Stack, StatusReason : User Initiated}]""","research","g4ad.4xlarge","true","9617c535-0940-47cf-9742-fb735b37189c","CURE-CKD-LDA-cohortselection","Consortium-Development-Project","pp-ayueclcsqrgku","2","FAILED","[{""S"":""cardiometabolic-disparities-shared_PHS""}]","{}","2025-01-03T16:16:40.493Z","_system_"
"918529f1-8c5b-49ac-9ae0-33ca1e4d1822","24.55.2.226/32","2024-07-12T14:48:56.762Z","u-74cq57xq1gBAHm-UxlT8M","test","linux-small","prod-eawoj7gbea2iy-pa-k3zz3xjloi4yo","""Error provisioning environment test. Reason: Errors from CloudFormation: [{LogicalResourceId : SC-985832498708-pp-txcivw5sron26, ResourceType : AWS::CloudFormation::Stack, StatusReason : The following resource(s) failed to create: [EC2Instance]. Rollback requested by user.}, {LogicalResourceId : EC2Instance, ResourceType : AWS::EC2::Instance, StatusReason : Failed to receive 1 resource signal(s) within the specified duration}, {LogicalResourceId : EC2Instance, ResourceType : AWS::EC2::Instance, StatusReason : Resource creation Initiated}, {LogicalResourceId : InstanceProfile, ResourceType : AWS::IAM::InstanceProfile, StatusReason : Eventual consistency check initiated}, {LogicalResourceId : InstanceProfile, ResourceType : AWS::IAM::InstanceProfile, StatusReason : Resource creation Initiated}, {LogicalResourceId : IAMRole, ResourceType : AWS::IAM::Role, StatusReason : Resource creation Initiated}, {LogicalResourceId : SecurityGroup, ResourceType : AWS::EC2::SecurityGroup, StatusReason : Resource creation Initiated}, {LogicalResourceId : InstanceRolePermissionBoundary, ResourceType : AWS::IAM::ManagedPolicy, StatusReason : Resource creation Initiated}, {LogicalResourceId : SC-985832498708-pp-txcivw5sron26, ResourceType : AWS::CloudFormation::Stack, StatusReason : User Initiated}]""","0","t3.medium","true","","test","aim-ahead-swb-prod","pp-txcivw5sron26","1","FAILED","[]","","2024-07-12T15:14:09.128Z","u-74cq57xq1gBAHm-UxlT8M"
"ff772ae8-31f3-4d47-b9e2-1c745cebe41a","129.120.100.51/32","2024-06-27T15:54:33.921Z","u-bes5oOqqSAedFjWEMDSlh","Sagemaker Workspace for Low-value care project","Sagemaker-Custom-Kernels-Large","prod-o5niatppdiag6-pa-npc2jrch7qrky","""Error provisioning environment LowValueCare-SageMaker-BZ. Reason: Errors from CloudFormation: [{LogicalResourceId : SC-985832498708-pp-gh76yvdwpqclk, ResourceType : AWS::CloudFormation::Stack, StatusReason : The following resource(s) failed to delete: [SecurityGroup]. }, {LogicalResourceId : SecurityGroup, ResourceType : AWS::EC2::SecurityGroup, StatusReason : resource sg-0ed09f71e83668733 has a dependent object (Service: Ec2, Status Code: 400, Request ID: 6c4c1dc7-f1e9-486a-9238-32208c4f5d02)}, {LogicalResourceId : SC-985832498708-pp-gh76yvdwpqclk, ResourceType : AWS::CloudFormation::Stack, StatusReason : The following resource(s) failed to create: [BasicNotebookInstance]. Rollback requested by user.}, {LogicalResourceId : BasicNotebookInstance, ResourceType : AWS::SageMaker::NotebookInstance, StatusReason : Notebook Instance Lifecycle Config 'arn:aws:sagemaker:us-east-1:985832498708:notebook-instance-lifecycle-config/basicnotebookinstancelifecycleconfig-48ubths3jcp1' for Notebook Instance 'arn:aws:sagemaker:us-east-1:985832498708:notebook-instance/basicnotebookinstance-2nvxizliwpyf' took longer than 5 minutes. Please check your CloudWatch logs for more details if your Notebook Instance has Internet access.}, {LogicalResourceId : BasicNotebookInstance, ResourceType : AWS::SageMaker::NotebookInstance, StatusReason : Resource creation Initiated}, {LogicalResourceId : IAMRole, ResourceType : AWS::IAM::Role, StatusReason : Resource creation Initiated}, {LogicalResourceId : SecurityGroup, ResourceType : AWS::EC2::SecurityGroup, StatusReason : Resource creation Initiated}, {LogicalResourceId : BasicNotebookInstanceLifecycleConfig, ResourceType : AWS::SageMaker::NotebookInstanceLifecycleConfig, StatusReason : Resource creation Initiated}, {LogicalResourceId : InstanceRolePermissionBoundary, ResourceType : AWS::IAM::ManagedPolicy, StatusReason : Resource creation Initiated}, {LogicalResourceId : SC-985832498708-pp-gh76yvdwpqclk, ResourceType : AWS::CloudFormation::Stack, StatusReason : User Initiated}]""","research","ml.g4dn.4xlarge","true","","LowValueCare-SageMaker-BZ","Consortium-Development-Project","pp-gh76yvdwpqclk","1","FAILED","[{""S"":""Consortium-Development-Project-bo-zhou""}]","{}","2024-06-27T16:35:22.393Z","_system_"
"7347ca50-8aca-4ad6-a53e-d4a7ded3aab5","174.126.61.135/32","2024-07-09T14:18:36.298Z","u-_ZciGq7XDkxfm9haRibiv","Database creation VM","linux-medium","prod-eawoj7gbea2iy-pa-k3zz3xjloi4yo","""Error provisioning environment database. Reason: Errors from CloudFormation: [{LogicalResourceId : SC-985832498708-pp-rxyvijc3jxlak, ResourceType : AWS::CloudFormation::Stack, StatusReason : The following resource(s) failed to create: [EC2Instance]. Rollback requested by user.}, {LogicalResourceId : EC2Instance, ResourceType : AWS::EC2::Instance, StatusReason : Failed to receive 1 resource signal(s) within the specified duration}, {LogicalResourceId : EC2Instance, ResourceType : AWS::EC2::Instance, StatusReason : Resource creation Initiated}, {LogicalResourceId : InstanceProfile, ResourceType : AWS::IAM::InstanceProfile, StatusReason : Eventual consistency check initiated}, {LogicalResourceId : InstanceProfile, ResourceType : AWS::IAM::InstanceProfile, StatusReason : Resource creation Initiated}, {LogicalResourceId : IAMRole, ResourceType : AWS::IAM::Role, StatusReason : Resource creation Initiated}, {LogicalResourceId : SecurityGroup, ResourceType : AWS::EC2::SecurityGroup, StatusReason : Resource creation Initiated}, {LogicalResourceId : InstanceRolePermissionBoundary, ResourceType : AWS::IAM::ManagedPolicy, StatusReason : Resource creation Initiated}, {LogicalResourceId : SC-985832498708-pp-rxyvijc3jxlak, ResourceType : AWS::CloudFormation::Stack, StatusReason : User Initiated}]""","research","m5.2xlarge","true","","database","Research-Fellowship-C2","pp-rxyvijc3jxlak","1","FAILED","[{""S"":""rfc2-scott-waggener""}]","{}","2024-07-09T14:44:13.122Z","_system_"
"61e68a27-fb24-43fe-904a-3856d3e1e746","52.55.5.223/32","2024-12-12T19:33:01.641Z","u-g_PQIckPiNpcWM198wbB0","test","test","prod-eawoj7gbea2iy-pa-fn2v4j4v6tizi","""Error provisioning environment dftest-linux-2024-12-12. Reason: Errors from CloudFormation: [{LogicalResourceId : SC-985832498708-pp-65mfqrwu2j7gi, ResourceType : AWS::CloudFormation::Stack, StatusReason : The following resource(s) failed to create: [EC2Instance]. Rollback requested by user.}, {LogicalResourceId : EC2Instance, ResourceType : AWS::EC2::Instance, StatusReason : Received FAILURE signal with UniqueId i-0d71297a31f4b3d71}, {LogicalResourceId : EC2Instance, ResourceType : AWS::EC2::Instance, StatusReason : Resource creation Initiated}, {LogicalResourceId : InstanceProfile, ResourceType : AWS::IAM::InstanceProfile, StatusReason : Eventual consistency check initiated}, {LogicalResourceId : InstanceProfile, ResourceType : AWS::IAM::InstanceProfile, StatusReason : Resource creation Initiated}, {LogicalResourceId : IAMRole, ResourceType : AWS::IAM::Role, StatusReason : Resource creation Initiated}, {LogicalResourceId : SecurityGroup, ResourceType : AWS::EC2::SecurityGroup, StatusReason : Resource creation Initiated}, {LogicalResourceId : InstanceRolePermissionBoundary, ResourceType : AWS::IAM::ManagedPolicy, StatusReason : Resource creation Initiated}, {LogicalResourceId : SC-985832498708-pp-65mfqrwu2j7gi, ResourceType : AWS::CloudFormation::Stack, StatusReason : User Initiated}]""","0","t3.medium","true","","dftest-linux-2024-12-12","aim-ahead-swb-prod","pp-65mfqrwu2j7gi","1","FAILED","[{""S"":""testing-david-foster""}]","{}","2024-12-12T19:48:54.673Z","_system_"
"ebf09901-f3b1-4241-b35a-06f51bd0cd8b","45.25.89.161/32","2024-01-05T15:19:15.306Z","u-2JO2ft9MfulwwFCP6A9E8","""32 GB memory, 8 CPU""","windows-medium","prod-wksgqqvm6wm5g-pa-r7whn5rgrssdq","""Error provisioning environment aim-ahead-oud-win-med-2. Reason: Errors from CloudFormation: [{LogicalResourceId : SC-985832498708-pp-iouidqsdoiy4c, ResourceType : AWS::CloudFormation::Stack, StatusReason : The following resource(s) failed to create: [EC2Instance]. Rollback requested by user.}, {LogicalResourceId : EC2Instance, ResourceType : AWS::EC2::Instance, StatusReason : The image id '[ami-08672c106d4baa527]' does not exist (Service: AmazonEC2; Status Code: 400; Error Code: InvalidAMIID.NotFound; Request ID: 8e3de3fd-a4c5-4580-b094-0da92552ac77; Proxy: null)}, {LogicalResourceId : InstanceProfile, ResourceType : AWS::IAM::InstanceProfile, StatusReason : Resource creation Initiated}, {LogicalResourceId : IAMRole, ResourceType : AWS::IAM::Role, StatusReason : Resource creation Initiated}, {LogicalResourceId : SecurityGroup, ResourceType : AWS::EC2::SecurityGroup, StatusReason : Resource creation Initiated}, {LogicalResourceId : InstanceRolePermissionBoundary, ResourceType : AWS::IAM::ManagedPolicy, StatusReason : Resource creation Initiated}, {LogicalResourceId : SC-985832498708-pp-iouidqsdoiy4c, ResourceType : AWS::CloudFormation::Stack, StatusReason : User Initiated}]""","research","","true","","aim-ahead-oud-win-med-2","Pilot-Brian-Yorkgitis","pp-iouidqsdoiy4c","1","FAILED","[{""S"":""Pilot-Brian-Yorkgitis-ira-harmon""}]","{}","2024-01-05T15:25:19.864Z","_system_"
"982f23e8-e7d6-49cc-8cdc-af034b2c6b8d","52.55.5.223/32","2024-03-08T21:02:28.242Z","u-74cq57xq1gBAHm-UxlT8M","test","test","prod-wksgqqvm6wm5g-pa-xcs3kcs6wptpa","""Error provisioning environment test. Reason: Errors from CloudFormation: [{LogicalResourceId : SC-985832498708-pp-i2td6hro7d3b2, ResourceType : AWS::CloudFormation::Stack, StatusReason : The following resource(s) failed to create: [EC2Instance]. Rollback requested by user.}, {LogicalResourceId : EC2Instance, ResourceType : AWS::EC2::Instance, StatusReason : Failed to receive 1 resource signal(s) within the specified duration}, {LogicalResourceId : EC2Instance, ResourceType : AWS::EC2::Instance, StatusReason : Resource creation Initiated}, {LogicalResourceId : InstanceProfile, ResourceType : AWS::IAM::InstanceProfile, StatusReason : Resource creation Initiated}, {LogicalResourceId : IAMRole, ResourceType : AWS::IAM::Role, StatusReason : Resource creation Initiated}, {LogicalResourceId : SecurityGroup, ResourceType : AWS::EC2::SecurityGroup, StatusReason : Resource creation Initiated}, {LogicalResourceId : InstanceRolePermissionBoundary, ResourceType : AWS::IAM::ManagedPolicy, StatusReason : Resource creation Initiated}, {LogicalResourceId : SC-985832498708-pp-i2td6hro7d3b2, ResourceType : AWS::CloudFormation::Stack, StatusReason : User Initiated}]""","0","t3.medium","true","","test","aim-ahead-swb-prod","pp-i2td6hro7d3b2","1","FAILED","[{""S"":""simran-NOWINDOWS""}]","{}","2024-03-08T21:38:58.579Z","_system_"
"53924336-b879-4e30-9d72-b78645f4aeb6","150.182.234.222/32","2024-06-28T13:22:39.363Z","u-2NyUhdVKgoBbt6HBPdz0s","For research purposes","Sagemaker-Custom-Kernels-Medium","prod-o5niatppdiag6-pa-npc2jrch7qrky","""Error provisioning environment DebKd. Reason: Errors from CloudFormation: [{LogicalResourceId : SC-985832498708-pp-nexgkg4pi4dna, ResourceType : AWS::CloudFormation::Stack, StatusReason : The following resource(s) failed to create: [BasicNotebookInstance]. Rollback requested by user.}, {LogicalResourceId : BasicNotebookInstance, ResourceType : AWS::SageMaker::NotebookInstance, StatusReason : Notebook Instance Lifecycle Config 'arn:aws:sagemaker:us-east-1:985832498708:notebook-instance-lifecycle-config/basicnotebookinstancelifecycleconfig-htxjtl2w9jpo' for Notebook Instance 'arn:aws:sagemaker:us-east-1:985832498708:notebook-instance/basicnotebookinstance-1vsziextthcu' took longer than 5 minutes. Please check your CloudWatch logs for more details if your Notebook Instance has Internet access.}, {LogicalResourceId : BasicNotebookInstance, ResourceType : AWS::SageMaker::NotebookInstance, StatusReason : Resource creation Initiated}, {LogicalResourceId : IAMRole, ResourceType : AWS::IAM::Role, StatusReason : Resource creation Initiated}, {LogicalResourceId : SecurityGroup, ResourceType : AWS::EC2::SecurityGroup, StatusReason : Resource creation Initiated}, {LogicalResourceId : BasicNotebookInstanceLifecycleConfig, ResourceType : AWS::SageMaker::NotebookInstanceLifecycleConfig, StatusReason : Resource creation Initiated}, {LogicalResourceId : InstanceRolePermissionBoundary, ResourceType : AWS::IAM::ManagedPolicy, StatusReason : Resource creation Initiated}, {LogicalResourceId : SC-985832498708-pp-nexgkg4pi4dna, ResourceType : AWS::CloudFormation::Stack, StatusReason : User Initiated}]""","research","ml.g4dn.2xlarge","true","","DebKd","Research-Fellowship-C2","pp-nexgkg4pi4dna","1","FAILED","[{""S"":""rfc2-deborah-mudali""}]","{}","2024-06-28T13:46:08.017Z","_system_"
"997081cf-341c-4dcd-a47f-0155780f21fc","150.182.234.222/32","2024-06-27T15:56:13.882Z","u-2NyUhdVKgoBbt6HBPdz0s","research","Sagemaker-Custom-Kernels-Medium","prod-o5niatppdiag6-pa-npc2jrch7qrky","""Error provisioning environment deb2. Reason: Errors from CloudFormation: [{LogicalResourceId : SC-985832498708-pp-e7q75uqjsbsug, ResourceType : AWS::CloudFormation::Stack, StatusReason : The following resource(s) failed to create: [BasicNotebookInstance]. Rollback requested by user.}, {LogicalResourceId : BasicNotebookInstance, ResourceType : AWS::SageMaker::NotebookInstance, StatusReason : Notebook Instance Lifecycle Config 'arn:aws:sagemaker:us-east-1:985832498708:notebook-instance-lifecycle-config/basicnotebookinstancelifecycleconfig-jqwcmfmadx2y' for Notebook Instance 'arn:aws:sagemaker:us-east-1:985832498708:notebook-instance/basicnotebookinstance-yom3zwpzbjor' took longer than 5 minutes. Please check your CloudWatch logs for more details if your Notebook Instance has Internet access.}, {LogicalResourceId : BasicNotebookInstance, ResourceType : AWS::SageMaker::NotebookInstance, StatusReason : Resource creation Initiated}, {LogicalResourceId : IAMRole, ResourceType : AWS::IAM::Role, StatusReason : Resource creation Initiated}, {LogicalResourceId : SecurityGroup, ResourceType : AWS::EC2::SecurityGroup, StatusReason : Resource creation Initiated}, {LogicalResourceId : BasicNotebookInstanceLifecycleConfig, ResourceType : AWS::SageMaker::NotebookInstanceLifecycleConfig, StatusReason : Resource creation Initiated}, {LogicalResourceId : InstanceRolePermissionBoundary, ResourceType : AWS::IAM::ManagedPolicy, StatusReason : Resource creation Initiated}, {LogicalResourceId : SC-985832498708-pp-e7q75uqjsbsug, ResourceType : AWS::CloudFormation::Stack, StatusReason : User Initiated}]""","research","ml.g4dn.2xlarge","true","","deb2","Research-Fellowship-C2","pp-e7q75uqjsbsug","1","FAILED","[{""S"":""rfc2-deborah-mudali""}]","{}","2024-06-27T16:20:14.931Z","_system_"
"7fa8c444-42c1-4103-9f4c-f5ef1cced6fd","208.252.10.75/32","2024-06-20T02:00:29.602Z","u-vk1lGfLktviHhET07ubOq","""EDA on longitudinal data ""","Sagemaker-Large","prod-o5niatppdiag6-pa-npc2jrch7qrky","""Error provisioning environment LDA-EDA-KM. Reason: Errors from CloudFormation: [{LogicalResourceId : SC-985832498708-pp-quge3gre32kyq, ResourceType : AWS::CloudFormation::Stack, StatusReason : The following resource(s) failed to create: [BasicNotebookInstance]. Rollback requested by user.}, {LogicalResourceId : BasicNotebookInstance, ResourceType : AWS::SageMaker::NotebookInstance, StatusReason : This Notebook Instance type 'ml.g5.4xlarge' is temporarily unavailable in the specified availability zone.  We apologize for the inconvenience.  Please try again in a few minutes, or try a different instance type.}, {LogicalResourceId : BasicNotebookInstance, ResourceType : AWS::SageMaker::NotebookInstance, StatusReason : Resource creation Initiated}, {LogicalResourceId : IAMRole, ResourceType : AWS::IAM::Role, StatusReason : Resource creation Initiated}, {LogicalResourceId : SecurityGroup, ResourceType : AWS::EC2::SecurityGroup, StatusReason : Resource creation Initiated}, {LogicalResourceId : BasicNotebookInstanceLifecycleConfig, ResourceType : AWS::SageMaker::NotebookInstanceLifecycleConfig, StatusReason : Resource creation Initiated}, {LogicalResourceId : InstanceRolePermissionBoundary, ResourceType : AWS::IAM::ManagedPolicy, StatusReason : Resource creation Initiated}, {LogicalResourceId : SC-985832498708-pp-quge3gre32kyq, ResourceType : AWS::CloudFormation::Stack, StatusReason : User Initiated}]""","research","ml.g5.4xlarge","true","","LDA-EDA-KM","Consortium-Development-Project","pp-quge3gre32kyq","1","FAILED","[{""S"":""cardiometabolic-disparities-shared_PHS""}]","{}","2024-06-20T02:07:27.798Z","_system_"
"cdc257ba-1197-41dd-ad37-90b77419b1f6","52.55.5.223/32","2024-03-08T20:41:32.071Z","u-g_PQIckPiNpcWM198wbB0","test","test","prod-wksgqqvm6wm5g-pa-xcs3kcs6wptpa","""Error provisioning environment dftest-windows-hc0. Reason: Errors from CloudFormation: [{LogicalResourceId : SC-985832498708-pp-ckp7qokhhpgqq, ResourceType : AWS::CloudFormation::Stack, StatusReason : The following resource(s) failed to create: [EC2Instance]. Rollback requested by user.}, {LogicalResourceId : EC2Instance, ResourceType : AWS::EC2::Instance, StatusReason : Failed to receive 1 resource signal(s) within the specified duration}, {LogicalResourceId : EC2Instance, ResourceType : AWS::EC2::Instance, StatusReason : Resource creation Initiated}, {LogicalResourceId : InstanceProfile, ResourceType : AWS::IAM::InstanceProfile, StatusReason : Resource creation Initiated}, {LogicalResourceId : IAMRole, ResourceType : AWS::IAM::Role, StatusReason : Resource creation Initiated}, {LogicalResourceId : SecurityGroup, ResourceType : AWS::EC2::SecurityGroup, StatusReason : Resource creation Initiated}, {LogicalResourceId : InstanceRolePermissionBoundary, ResourceType : AWS::IAM::ManagedPolicy, StatusReason : Resource creation Initiated}, {LogicalResourceId : SC-985832498708-pp-ckp7qokhhpgqq, ResourceType : AWS::CloudFormation::Stack, StatusReason : User Initiated}]""","0","t3.medium","true","","dftest-windows-hc0","aim-ahead-swb-prod","pp-ckp7qokhhpgqq","1","FAILED","[{""S"":""testing-david-foster""}]","{}","2024-03-08T21:18:30.422Z","_system_"
"52dbfa0e-01e3-489a-ad48-db67f4068485","99.74.182.76/32","2024-08-14T21:13:08.796Z","u-g_PQIckPiNpcWM198wbB0","test","test","prod-eawoj7gbea2iy-pa-fn2v4j4v6tizi","""Error provisioning environment dftest11. Reason: Errors from CloudFormation: [{LogicalResourceId : SC-985832498708-pp-vd3mjrih3bz5o, ResourceType : AWS::CloudFormation::Stack, StatusReason : The following resource(s) failed to create: [EC2Instance]. Rollback requested by user.}, {LogicalResourceId : EC2Instance, ResourceType : AWS::EC2::Instance, StatusReason : Received FAILURE signal with UniqueId i-0227a1f79d93a5f56}, {LogicalResourceId : EC2Instance, ResourceType : AWS::EC2::Instance, StatusReason : Resource creation Initiated}, {LogicalResourceId : InstanceProfile, ResourceType : AWS::IAM::InstanceProfile, StatusReason : Eventual consistency check initiated}, {LogicalResourceId : InstanceProfile, ResourceType : AWS::IAM::InstanceProfile, StatusReason : Resource creation Initiated}, {LogicalResourceId : IAMRole, ResourceType : AWS::IAM::Role, StatusReason : Resource creation Initiated}, {LogicalResourceId : SecurityGroup, ResourceType : AWS::EC2::SecurityGroup, StatusReason : Resource creation Initiated}, {LogicalResourceId : InstanceRolePermissionBoundary, ResourceType : AWS::IAM::ManagedPolicy, StatusReason : Resource creation Initiated}, {LogicalResourceId : SC-985832498708-pp-vd3mjrih3bz5o, ResourceType : AWS::CloudFormation::Stack, StatusReason : User Initiated}]""","0","t3.medium","true","","dftest11","aim-ahead-swb-prod","pp-vd3mjrih3bz5o","1","FAILED","[{""S"":""testing-david-foster""}]","{}","2024-08-14T21:29:17.169Z","_system_"
"dcae97fc-3b9a-473f-bdf3-a96547b29fcf","24.147.255.3/32","2024-01-05T00:23:09.530Z","u-74cq57xq1gBAHm-UxlT8M","test","windows-medium","prod-wksgqqvm6wm5g-pa-r7whn5rgrssdq","""Error provisioning environment test. Reason: Errors from CloudFormation: [{LogicalResourceId : SC-985832498708-pp-qq6sber3acupu, ResourceType : AWS::CloudFormation::Stack, StatusReason : The following resource(s) failed to create: [EC2Instance]. Rollback requested by user.}, {LogicalResourceId : EC2Instance, ResourceType : AWS::EC2::Instance, StatusReason : The image id '[ami-08672c106d4baa527]' does not exist (Service: AmazonEC2; Status Code: 400; Error Code: InvalidAMIID.NotFound; Request ID: a1e4b733-9f91-4f90-95d7-80de7d22f9a1; Proxy: null)}, {LogicalResourceId : InstanceProfile, ResourceType : AWS::IAM::InstanceProfile, StatusReason : Resource creation Initiated}, {LogicalResourceId : IAMRole, ResourceType : AWS::IAM::Role, StatusReason : Resource creation Initiated}, {LogicalResourceId : SecurityGroup, ResourceType : AWS::EC2::SecurityGroup, StatusReason : Resource creation Initiated}, {LogicalResourceId : InstanceRolePermissionBoundary, ResourceType : AWS::IAM::ManagedPolicy, StatusReason : Resource creation Initiated}, {LogicalResourceId : SC-985832498708-pp-qq6sber3acupu, ResourceType : AWS::CloudFormation::Stack, StatusReason : User Initiated}]""","0","","true","","test","aim-ahead-swb-prod","pp-qq6sber3acupu","1","FAILED","[]","","2024-01-05T00:29:02.443Z","u-74cq57xq1gBAHm-UxlT8M"
"fcec7f6b-b43a-46f5-a940-a9c64377af93","150.182.234.222/32","2024-06-28T11:44:23.873Z","u-2NyUhdVKgoBbt6HBPdz0s","new","Sagemaker-Custom-Kernels-Large","prod-o5niatppdiag6-pa-npc2jrch7qrky","""Error provisioning environment DebDL. Reason: Errors from CloudFormation: [{LogicalResourceId : SC-985832498708-pp-copemwbmbtre6, ResourceType : AWS::CloudFormation::Stack, StatusReason : The following resource(s) failed to delete: [SecurityGroup]. }, {LogicalResourceId : SecurityGroup, ResourceType : AWS::EC2::SecurityGroup, StatusReason : resource sg-00c2339d9a35f68d9 has a dependent object (Service: Ec2, Status Code: 400, Request ID: 493e2de5-d6dc-47f7-985b-194531824df1)}, {LogicalResourceId : SC-985832498708-pp-copemwbmbtre6, ResourceType : AWS::CloudFormation::Stack, StatusReason : The following resource(s) failed to create: [BasicNotebookInstance]. Rollback requested by user.}, {LogicalResourceId : BasicNotebookInstance, ResourceType : AWS::SageMaker::NotebookInstance, StatusReason : Notebook Instance Lifecycle Config 'arn:aws:sagemaker:us-east-1:985832498708:notebook-instance-lifecycle-config/basicnotebookinstancelifecycleconfig-fk95eoik2w2t' for Notebook Instance 'arn:aws:sagemaker:us-east-1:985832498708:notebook-instance/basicnotebookinstance-nx7f5hbhixg6' took longer than 5 minutes. Please check your CloudWatch logs for more details if your Notebook Instance has Internet access.}, {LogicalResourceId : BasicNotebookInstance, ResourceType : AWS::SageMaker::NotebookInstance, StatusReason : Resource creation Initiated}, {LogicalResourceId : IAMRole, ResourceType : AWS::IAM::Role, StatusReason : Resource creation Initiated}, {LogicalResourceId : SecurityGroup, ResourceType : AWS::EC2::SecurityGroup, StatusReason : Resource creation Initiated}, {LogicalResourceId : BasicNotebookInstanceLifecycleConfig, ResourceType : AWS::SageMaker::NotebookInstanceLifecycleConfig, StatusReason : Resource creation Initiated}, {LogicalResourceId : InstanceRolePermissionBoundary, ResourceType : AWS::IAM::ManagedPolicy, StatusReason : Resource creation Initiated}, {LogicalResourceId : SC-985832498708-pp-copemwbmbtre6, ResourceType : AWS::CloudFormation::Stack, StatusReason : User Initiated}]""","research","ml.g4dn.4xlarge","true","","DebDL","Research-Fellowship-C2","pp-copemwbmbtre6","1","FAILED","[{""S"":""rfc2-deborah-mudali""}]","{}","2024-06-28T12:25:22.626Z","_system_"
"9ac2ca16-c5ab-429d-a57d-1b51e7f3ea44","208.252.10.75/32","2024-06-20T01:39:16.001Z","u-vk1lGfLktviHhET07ubOq","""EDA of longitudinal data ""","Sagemaker-Large","prod-o5niatppdiag6-pa-npc2jrch7qrky","""Error provisioning environment LDA-EDA-KM. Reason: Errors from CloudFormation: [{LogicalResourceId : SC-985832498708-pp-kklvnrsmc3ypu, ResourceType : AWS::CloudFormation::Stack, StatusReason : The following resource(s) failed to create: [BasicNotebookInstance]. Rollback requested by user.}, {LogicalResourceId : BasicNotebookInstance, ResourceType : AWS::SageMaker::NotebookInstance, StatusReason : This Notebook Instance type 'ml.g5.4xlarge' is temporarily unavailable in the specified availability zone.  We apologize for the inconvenience.  Please try again in a few minutes, or try a different instance type.}, {LogicalResourceId : BasicNotebookInstance, ResourceType : AWS::SageMaker::NotebookInstance, StatusReason : Resource creation Initiated}, {LogicalResourceId : IAMRole, ResourceType : AWS::IAM::Role, StatusReason : Resource creation Initiated}, {LogicalResourceId : SecurityGroup, ResourceType : AWS::EC2::SecurityGroup, StatusReason : Resource creation Initiated}, {LogicalResourceId : BasicNotebookInstanceLifecycleConfig, ResourceType : AWS::SageMaker::NotebookInstanceLifecycleConfig, StatusReason : Resource creation Initiated}, {LogicalResourceId : InstanceRolePermissionBoundary, ResourceType : AWS::IAM::ManagedPolicy, StatusReason : Resource creation Initiated}, {LogicalResourceId : SC-985832498708-pp-kklvnrsmc3ypu, ResourceType : AWS::CloudFormation::Stack, StatusReason : User Initiated}]""","research","ml.g5.4xlarge","true","","LDA-EDA-KM","Consortium-Development-Project","pp-kklvnrsmc3ypu","1","FAILED","[{""S"":""cardiometabolic-disparities-shared_PHS""}]","{}","2024-06-20T01:46:14.040Z","_system_"
"5bfc64f0-0b2b-499c-b461-98e360f1f4ec","99.74.182.76/32","2024-08-14T18:52:18.441Z","u-g_PQIckPiNpcWM198wbB0","test","test","prod-eawoj7gbea2iy-pa-fn2v4j4v6tizi","""Error provisioning environment dftest-linux-2024-08-14. Reason: Errors from CloudFormation: [{LogicalResourceId : SC-985832498708-pp-tbebbkz5ma35u, ResourceType : AWS::CloudFormation::Stack, StatusReason : The following resource(s) failed to create: [EC2Instance]. Rollback requested by user.}, {LogicalResourceId : EC2Instance, ResourceType : AWS::EC2::Instance, StatusReason : Received FAILURE signal with UniqueId i-0a9de23516d239760}, {LogicalResourceId : EC2Instance, ResourceType : AWS::EC2::Instance, StatusReason : Resource creation Initiated}, {LogicalResourceId : InstanceProfile, ResourceType : AWS::IAM::InstanceProfile, StatusReason : Eventual consistency check initiated}, {LogicalResourceId : InstanceProfile, ResourceType : AWS::IAM::InstanceProfile, StatusReason : Resource creation Initiated}, {LogicalResourceId : IAMRole, ResourceType : AWS::IAM::Role, StatusReason : Resource creation Initiated}, {LogicalResourceId : SecurityGroup, ResourceType : AWS::EC2::SecurityGroup, StatusReason : Resource creation Initiated}, {LogicalResourceId : InstanceRolePermissionBoundary, ResourceType : AWS::IAM::ManagedPolicy, StatusReason : Resource creation Initiated}, {LogicalResourceId : SC-985832498708-pp-tbebbkz5ma35u, ResourceType : AWS::CloudFormation::Stack, StatusReason : User Initiated}]""","0","t3.medium","true","","dftest-linux-2024-08-14","aim-ahead-swb-prod","pp-tbebbkz5ma35u","1","FAILED","[{""S"":""testing-david-foster""}]","{}","2024-08-14T19:08:38.492Z","_system_"
"2d93aaad-5684-4245-b5f2-c3b02c79cddf","73.69.254.35/32","2024-02-12T19:19:17.551Z","u-9BL_8ywXks25cYo2JH3AH","test db access","rstudio-large","prod-7rixzx2sygszm-pa-35hi6h7mizws4","""Error provisioning environment albaRstudioStudies. Reason: Errors from CloudFormation: [{LogicalResourceId : SC-985832498708-pp-iiflx42ocpzsy, ResourceType : AWS::CloudFormation::Stack, StatusReason : The following resource(s) failed to create: [EC2Instance]. Rollback requested by user.}, {LogicalResourceId : EC2Instance, ResourceType : AWS::EC2::Instance, StatusReason : API: ec2:RunInstances Not authorized for images: [ami-0b1a187cf445d17db]}, {LogicalResourceId : InstanceProfile, ResourceType : AWS::IAM::InstanceProfile, StatusReason : Resource creation Initiated}, {LogicalResourceId : IAMRole, ResourceType : AWS::IAM::Role, StatusReason : Resource creation Initiated}, {LogicalResourceId : SecurityGroup, ResourceType : AWS::EC2::SecurityGroup, StatusReason : Resource creation Initiated}, {LogicalResourceId : InstanceRolePermissionBoundary, ResourceType : AWS::IAM::ManagedPolicy, StatusReason : Resource creation Initiated}, {LogicalResourceId : SC-985832498708-pp-iiflx42ocpzsy, ResourceType : AWS::CloudFormation::Stack, StatusReason : User Initiated}]""","0","g4ad.4xlarge","true","9617c535-0940-47cf-9742-fb735b37189c","albaRstudioStudies","aim-ahead-swb-prod","pp-iiflx42ocpzsy","2","FAILED","[]","","2024-02-12T19:25:15.534Z","u-9BL_8ywXks25cYo2JH3AH"
"a846c7a8-0676-47d3-be98-3538d6dbe86c","134.174.140.196/32","2023-11-03T14:53:56.385Z","u-YFbAINe56k43R60kpx3f8","In class assignment","sagemaker-large","prod-o5niatppdiag6-pa-qtwxh5jtweqvo","""Error provisioning environment BMI705OmarAlbastaki. Reason: Errors from CloudFormation: [{LogicalResourceId : SC-985832498708-pp-4f5x5ngczvqi6, ResourceType : AWS::CloudFormation::Stack, StatusReason : The following resource(s) failed to create: [BasicNotebookInstance]. Rollback requested by user.}, {LogicalResourceId : BasicNotebookInstance, ResourceType : AWS::SageMaker::NotebookInstance, StatusReason : The account-level service limit 'ml.g5.4xlarge for notebook instance usage' is 5 Instances, with current utilization of 5 Instances and a request delta of 1 Instances. Please use AWS Service Quotas to request an increase for this quota. If AWS Service Quotas is not available, contact AWS support to request an increase for this quota. (Service: AmazonSageMaker; Status Code: 400; Error Code: ResourceLimitExceeded; Request ID: e112bfe0-e458-490f-a894-9407269f942b; Proxy: null)}, {LogicalResourceId : IAMRole, ResourceType : AWS::IAM::Role, StatusReason : Resource creation Initiated}, {LogicalResourceId : SecurityGroup, ResourceType : AWS::EC2::SecurityGroup, StatusReason : Resource creation Initiated}, {LogicalResourceId : BasicNotebookInstanceLifecycleConfig, ResourceType : AWS::SageMaker::NotebookInstanceLifecycleConfig, StatusReason : Resource creation Initiated}, {LogicalResourceId : InstanceRolePermissionBoundary, ResourceType : AWS::IAM::ManagedPolicy, StatusReason : Resource creation Initiated}, {LogicalResourceId : SC-985832498708-pp-4f5x5ngczvqi6, ResourceType : AWS::CloudFormation::Stack, StatusReason : User Initiated}]""","teaching","","true","","BMI705OmarAlbastaki","DBMI-teaching","pp-4f5x5ngczvqi6","1","FAILED","[{""S"":""omar-albastaki""},{""S"":""DBMI-teaching-LIBS""},{""S"":""DBMI-teaching-READONLY-705""},{""S"":""DBMI-teaching-READONLY-703""}]","{}","2023-11-03T14:57:18.124Z","_system_"
"ef476397-7f7b-499e-8ded-bbf98aa8e5a9","134.174.140.195/32","2023-12-06T17:08:11.197Z","u-74cq57xq1gBAHm-UxlT8M","sgdagadg","windows-medium","prod-wksgqqvm6wm5g-pa-r7whn5rgrssdq","Cannot destructure property 'prefix' of 'parseS3Arn(...)' as it is undefined.","0","","true","","srfdvx","aim-ahead-swb-prod","","1","FAILED","[{""S"":""bdsp-hsp""}]","","2023-12-06T17:08:13.746Z","u-74cq57xq1gBAHm-UxlT8M"
"2cd7ac95-0dba-48ce-970d-7ce4452b864e","24.147.255.3/32","2024-08-22T21:31:25.196Z","u-74cq57xq1gBAHm-UxlT8M","test","linux-small","prod-eawoj7gbea2iy-pa-fn2v4j4v6tizi","""Error provisioning environment move-files-keri. Reason: Errors from CloudFormation: [{LogicalResourceId : SC-985832498708-pp-5qmmi555knnes, ResourceType : AWS::CloudFormation::Stack, StatusReason : The following resource(s) failed to create: [EC2Instance]. Rollback requested by user.}, {LogicalResourceId : EC2Instance, ResourceType : AWS::EC2::Instance, StatusReason : Received FAILURE signal with UniqueId i-0ff88e4b826935c9d}, {LogicalResourceId : EC2Instance, ResourceType : AWS::EC2::Instance, StatusReason : Resource creation Initiated}, {LogicalResourceId : InstanceProfile, ResourceType : AWS::IAM::InstanceProfile, StatusReason : Eventual consistency check initiated}, {LogicalResourceId : InstanceProfile, ResourceType : AWS::IAM::InstanceProfile, StatusReason : Resource creation Initiated}, {LogicalResourceId : IAMRole, ResourceType : AWS::IAM::Role, StatusReason : Resource creation Initiated}, {LogicalResourceId : SecurityGroup, ResourceType : AWS::EC2::SecurityGroup, StatusReason : Resource creation Initiated}, {LogicalResourceId : InstanceRolePermissionBoundary, ResourceType : AWS::IAM::ManagedPolicy, StatusReason : Resource creation Initiated}, {LogicalResourceId : SC-985832498708-pp-5qmmi555knnes, ResourceType : AWS::CloudFormation::Stack, StatusReason : User Initiated}]""","0","t3.medium","true","","move-files-keri","aim-ahead-swb-prod","pp-5qmmi555knnes","1","FAILED","[{""S"":""CDP-cartwright-sagemaker-only""},{""S"":""CDP-cartwright-gsw""}]","{}","2024-08-22T21:47:32.418Z","_system_"
"d1318104-fa13-4103-afd8-c1b1ba67e84d","24.147.255.3/32","2024-01-03T20:29:21.026Z","u-8ou75sZyJTh0tT70zSl8_","test","linux-medium","prod-eawoj7gbea2iy-pa-k3zz3xjloi4yo","""Error provisioning environment test. Reason: Errors from CloudFormation: [{LogicalResourceId : SC-985832498708-pp-b5xfqdxdyrl3w, ResourceType : AWS::CloudFormation::Stack, StatusReason : The following resource(s) failed to create: [EC2Instance]. Rollback requested by user.}, {LogicalResourceId : EC2Instance, ResourceType : AWS::EC2::Instance, StatusReason : The image id '[ami-0fdcf32a6810dbeeb]' does not exist (Service: AmazonEC2; Status Code: 400; Error Code: InvalidAMIID.NotFound; Request ID: cd2a24e5-397e-403c-bc71-fa1a9702460a; Proxy: null)}, {LogicalResourceId : InstanceProfile, ResourceType : AWS::IAM::InstanceProfile, StatusReason : Resource creation Initiated}, {LogicalResourceId : IAMRole, ResourceType : AWS::IAM::Role, StatusReason : Resource creation Initiated}, {LogicalResourceId : SecurityGroup, ResourceType : AWS::EC2::SecurityGroup, StatusReason : Resource creation Initiated}, {LogicalResourceId : InstanceRolePermissionBoundary, ResourceType : AWS::IAM::ManagedPolicy, StatusReason : Resource creation Initiated}, {LogicalResourceId : SC-985832498708-pp-b5xfqdxdyrl3w, ResourceType : AWS::CloudFormation::Stack, StatusReason : User Initiated}]""","research","","true","","test","Research-Fellowship-C2","pp-b5xfqdxdyrl3w","1","FAILED","[]","","2024-01-03T20:35:01.034Z","u-8ou75sZyJTh0tT70zSl8_"
"175bf8cf-9edc-4ea1-b33d-54426372dba6","24.147.255.3/32","2024-02-12T19:30:57.784Z","u-8ou75sZyJTh0tT70zSl8_","test-feb-admin","rstudio-small","prod-7rixzx2sygszm-pa-35hi6h7mizws4","""Error provisioning environment test-feb-admin. Reason: Errors from CloudFormation: [{LogicalResourceId : SC-985832498708-pp-plcsf26yd6kre, ResourceType : AWS::CloudFormation::Stack, StatusReason : The following resource(s) failed to create: [EC2Instance]. Rollback requested by user.}, {LogicalResourceId : EC2Instance, ResourceType : AWS::EC2::Instance, StatusReason : API: ec2:RunInstances Not authorized for images: [ami-0b1a187cf445d17db]}, {LogicalResourceId : InstanceProfile, ResourceType : AWS::IAM::InstanceProfile, StatusReason : Resource creation Initiated}, {LogicalResourceId : IAMRole, ResourceType : AWS::IAM::Role, StatusReason : Resource creation Initiated}, {LogicalResourceId : SecurityGroup, ResourceType : AWS::EC2::SecurityGroup, StatusReason : Resource creation Initiated}, {LogicalResourceId : InstanceRolePermissionBoundary, ResourceType : AWS::IAM::ManagedPolicy, StatusReason : Resource creation Initiated}, {LogicalResourceId : SC-985832498708-pp-plcsf26yd6kre, ResourceType : AWS::CloudFormation::Stack, StatusReason : User Initiated}]""","0","t3.medium","true","9617c535-0940-47cf-9742-fb735b37189c","test-feb-admin","aim-ahead-swb-prod","pp-plcsf26yd6kre","2","FAILED","[{""S"":""testing-simran""}]","{}","2024-02-12T19:36:55.829Z","_system_"
"fa36166c-3979-4a51-814b-514fc20bbf5f","24.55.2.226/32","2024-07-10T15:23:00.645Z","u-74cq57xq1gBAHm-UxlT8M","test","linux-medium","prod-eawoj7gbea2iy-pa-k3zz3xjloi4yo","""Error provisioning environment test. Reason: Errors from CloudFormation: [{LogicalResourceId : SC-985832498708-pp-reazk3v5z6ei6, ResourceType : AWS::CloudFormation::Stack, StatusReason : The following resource(s) failed to create: [EC2Instance]. Rollback requested by user.}, {LogicalResourceId : EC2Instance, ResourceType : AWS::EC2::Instance, StatusReason : Failed to receive 1 resource signal(s) within the specified duration}, {LogicalResourceId : EC2Instance, ResourceType : AWS::EC2::Instance, StatusReason : Resource creation Initiated}, {LogicalResourceId : InstanceProfile, ResourceType : AWS::IAM::InstanceProfile, StatusReason : Eventual consistency check initiated}, {LogicalResourceId : InstanceProfile, ResourceType : AWS::IAM::InstanceProfile, StatusReason : Resource creation Initiated}, {LogicalResourceId : IAMRole, ResourceType : AWS::IAM::Role, StatusReason : Resource creation Initiated}, {LogicalResourceId : SecurityGroup, ResourceType : AWS::EC2::SecurityGroup, StatusReason : Resource creation Initiated}, {LogicalResourceId : InstanceRolePermissionBoundary, ResourceType : AWS::IAM::ManagedPolicy, StatusReason : Resource creation Initiated}, {LogicalResourceId : SC-985832498708-pp-reazk3v5z6ei6, ResourceType : AWS::CloudFormation::Stack, StatusReason : User Initiated}]""","0","m5.2xlarge","true","","test","aim-ahead-swb-prod","pp-reazk3v5z6ei6","1","FAILED","[]","","2024-07-10T15:48:11.906Z","u-74cq57xq1gBAHm-UxlT8M"
"3bab2daa-d903-409f-94ba-6791e6ffaf47","24.55.2.226/32","2024-07-10T18:12:19.189Z","u-74cq57xq1gBAHm-UxlT8M","test large","linux-large","prod-eawoj7gbea2iy-pa-k3zz3xjloi4yo","""Error provisioning environment test. Reason: Errors from CloudFormation: [{LogicalResourceId : SC-985832498708-pp-r5otwnizmccd4, ResourceType : AWS::CloudFormation::Stack, StatusReason : The following resource(s) failed to create: [EC2Instance]. Rollback requested by user.}, {LogicalResourceId : EC2Instance, ResourceType : AWS::EC2::Instance, StatusReason : Failed to receive 1 resource signal(s) within the specified duration}, {LogicalResourceId : EC2Instance, ResourceType : AWS::EC2::Instance, StatusReason : Resource creation Initiated}, {LogicalResourceId : InstanceProfile, ResourceType : AWS::IAM::InstanceProfile, StatusReason : Eventual consistency check initiated}, {LogicalResourceId : InstanceProfile, ResourceType : AWS::IAM::InstanceProfile, StatusReason : Resource creation Initiated}, {LogicalResourceId : IAMRole, ResourceType : AWS::IAM::Role, StatusReason : Resource creation Initiated}, {LogicalResourceId : SecurityGroup, ResourceType : AWS::EC2::SecurityGroup, StatusReason : Resource creation Initiated}, {LogicalResourceId : InstanceRolePermissionBoundary, ResourceType : AWS::IAM::ManagedPolicy, StatusReason : Resource creation Initiated}, {LogicalResourceId : SC-985832498708-pp-r5otwnizmccd4, ResourceType : AWS::CloudFormation::Stack, StatusReason : User Initiated}]""","0","g4ad.4xlarge","true","","test","aim-ahead-swb-prod","pp-r5otwnizmccd4","1","FAILED","[]","","2024-07-10T18:38:09.698Z","u-74cq57xq1gBAHm-UxlT8M"
"a1f38583-0b75-4df4-8465-4ddda98216bc","24.55.2.226/32","2024-07-10T18:12:06.706Z","u-74cq57xq1gBAHm-UxlT8M","small test","linux-small","prod-eawoj7gbea2iy-pa-k3zz3xjloi4yo","""Error provisioning environment test. Reason: Errors from CloudFormation: [{LogicalResourceId : SC-985832498708-pp-nslslw4ifr6t2, ResourceType : AWS::CloudFormation::Stack, StatusReason : The following resource(s) failed to create: [EC2Instance]. Rollback requested by user.}, {LogicalResourceId : EC2Instance, ResourceType : AWS::EC2::Instance, StatusReason : Failed to receive 1 resource signal(s) within the specified duration}, {LogicalResourceId : EC2Instance, ResourceType : AWS::EC2::Instance, StatusReason : Resource creation Initiated}, {LogicalResourceId : InstanceProfile, ResourceType : AWS::IAM::InstanceProfile, StatusReason : Eventual consistency check initiated}, {LogicalResourceId : InstanceProfile, ResourceType : AWS::IAM::InstanceProfile, StatusReason : Resource creation Initiated}, {LogicalResourceId : IAMRole, ResourceType : AWS::IAM::Role, StatusReason : Resource creation Initiated}, {LogicalResourceId : SecurityGroup, ResourceType : AWS::EC2::SecurityGroup, StatusReason : Resource creation Initiated}, {LogicalResourceId : InstanceRolePermissionBoundary, ResourceType : AWS::IAM::ManagedPolicy, StatusReason : Resource creation Initiated}, {LogicalResourceId : SC-985832498708-pp-nslslw4ifr6t2, ResourceType : AWS::CloudFormation::Stack, StatusReason : User Initiated}]""","0","t3.medium","true","","test","aim-ahead-swb-prod","pp-nslslw4ifr6t2","1","FAILED","[]","","2024-07-10T18:37:14.431Z","u-74cq57xq1gBAHm-UxlT8M"
"e6bd4b86-fc55-440a-a7fc-5d24b6b3b71b","52.55.5.223/32","2024-03-06T19:11:34.830Z","u-XXKcqsIbEsUvwwkKvKLNW","does this work","linux-test","prod-eawoj7gbea2iy-pa-k3zz3xjloi4yo","""Error provisioning environment test-linux. Reason: Errors from CloudFormation: [{LogicalResourceId : SC-985832498708-pp-npr46uuwaomtk, ResourceType : AWS::CloudFormation::Stack, StatusReason : The following resource(s) failed to create: [EC2Instance]. Rollback requested by user.}, {LogicalResourceId : EC2Instance, ResourceType : AWS::EC2::Instance, StatusReason : Failed to receive 1 resource signal(s) within the specified duration}, {LogicalResourceId : EC2Instance, ResourceType : AWS::EC2::Instance, StatusReason : Resource creation Initiated}, {LogicalResourceId : InstanceProfile, ResourceType : AWS::IAM::InstanceProfile, StatusReason : Resource creation Initiated}, {LogicalResourceId : IAMRole, ResourceType : AWS::IAM::Role, StatusReason : Resource creation Initiated}, {LogicalResourceId : SecurityGroup, ResourceType : AWS::EC2::SecurityGroup, StatusReason : Resource creation Initiated}, {LogicalResourceId : InstanceRolePermissionBoundary, ResourceType : AWS::IAM::ManagedPolicy, StatusReason : Resource creation Initiated}, {LogicalResourceId : SC-985832498708-pp-npr46uuwaomtk, ResourceType : AWS::CloudFormation::Stack, StatusReason : User Initiated}]""","0","t3.medium","true","","test-linux","Admin-Testing","pp-npr46uuwaomtk","1","FAILED","[]","","2024-03-06T19:39:57.369Z","u-XXKcqsIbEsUvwwkKvKLNW"